{
  "1788484": {
    "latlng": [
      [32.582028, 35.017403],
      [32.582036, 35.017532],
      [32.582025, 35.01773],
      [32.58204, 35.017972],
      [32.582052, 35.018003],
      [32.582077, 35.018062],
      [32.582063, 35.018109],
      [32.581928, 35.017976],
      [32.581918, 35.018177],
      [32.581917, 35.018357],
      [32.581861, 35.018443],
      [32.581729, 35.018477],
      [32.581694, 35.018446],
      [32.581511, 35.018352],
      [32.581387, 35.01836],
      [32.581374, 35.018387],
      [32.581305, 35.01858],
      [32.581268, 35.018645],
      [32.581266, 35.018697],
      [32.581174, 35.018866],
      [32.581106, 35.019009],
      [32.581065, 35.018997]
    ],
    "distance": [
      0.0, 12.200000000000728, 30.80000000000109, 53.600000000000364,
      56.80000000000109, 62.900000000001455, 67.60000000000036, 87.0,
      105.90000000000146, 122.80000000000109, 133.0, 148.0, 152.90000000000146,
      175.10000000000036, 188.8000000000011, 191.8000000000011,
      211.40000000000146, 218.8000000000011, 223.70000000000073, 242.5,
      257.90000000000146, 262.60000000000036
    ],
    "altitude": [
      164.5, 163.8, 162.2, 160.6, 160.5, 160.3, 159.6, 158.6, 156.3, 154.5,
      152.6, 150.1, 149.9, 147.7, 145.6, 145.1, 142.3, 141.2, 140.7, 139.0,
      138.2, 137.9
    ],
    "name": "Bamboo Singletrack"
  },
  "13583542": {
    "latlng": [
      [32.586252, 35.013154],
      [32.586393, 35.013142],
      [32.586536, 35.013155],
      [32.586672, 35.01317],
      [32.586833, 35.013193],
      [32.586999, 35.013233],
      [32.587158, 35.013227],
      [32.587315, 35.013231],
      [32.587479, 35.013235],
      [32.58762, 35.013229],
      [32.587736, 35.013283],
      [32.587826, 35.013339],
      [32.587888, 35.01323],
      [32.587956, 35.013065],
      [32.588017, 35.012935],
      [32.588093, 35.01283],
      [32.588166, 35.012742],
      [32.588214, 35.012632],
      [32.58825, 35.012475],
      [32.58824, 35.012289],
      [32.588296, 35.012187],
      [32.588398, 35.012266],
      [32.588498, 35.012225],
      [32.588526, 35.012044],
      [32.588532, 35.011911],
      [32.588594, 35.011796],
      [32.58867, 35.011676],
      [32.588718, 35.011545],
      [32.588751, 35.011413],
      [32.588814, 35.011291],
      [32.588884, 35.011119],
      [32.588898, 35.010936],
      [32.588866, 35.010759],
      [32.58889, 35.010628],
      [32.588937, 35.010512],
      [32.589028, 35.010441],
      [32.589145, 35.010374],
      [32.589232, 35.010316]
    ],
    "distance": [
      0.0, 15.700000000000728, 31.700000000000728, 46.899999999999636,
      64.89999999999964, 83.80000000000109, 101.5, 119.0, 137.20000000000073,
      152.89999999999964, 166.8000000000011, 178.10000000000036,
      190.39999999999964, 207.70000000000073, 221.60000000000036,
      234.60000000000036, 246.20000000000073, 257.8000000000011,
      273.10000000000036, 290.5, 301.89999999999964, 315.5, 327.3000000000011,
      344.5, 357.0, 369.8000000000011, 383.89999999999964, 397.3000000000011,
      410.2000000000007, 423.60000000000036, 441.5, 458.8000000000011,
      475.7000000000007, 488.3000000000011, 500.39999999999964, 512.5, 527.0,
      538.1000000000004
    ],
    "altitude": [
      177.0, 176.1, 176.0, 176.0, 173.0, 173.0, 170.3, 170.0, 170.0, 161.3,
      158.0, 156.2, 153.2, 153.0, 151.1, 147.2, 145.1, 145.0, 143.1, 141.1,
      130.6, 123.3, 122.0, 121.0, 117.0, 113.2, 111.0, 110.1, 107.1, 106.1,
      105.0, 105.0, 105.0, 103.2, 100.0, 98.2, 98.0, 94.2
    ],
    "name": "Cyprus"
  },
  "4136318": {
    "latlng": [
      [32.511615, 35.014973],
      [32.51166, 35.014979],
      [32.511707, 35.014989],
      [32.511746, 35.014992],
      [32.511791, 35.014992],
      [32.51184, 35.014997],
      [32.511888, 35.015],
      [32.511934, 35.014977],
      [32.511974, 35.014949],
      [32.512009, 35.01492],
      [32.512044, 35.014884],
      [32.512075, 35.014843],
      [32.512103, 35.014786],
      [32.512092, 35.014716],
      [32.512066, 35.014642],
      [32.512047, 35.014562],
      [32.512044, 35.014485],
      [32.512043, 35.014404],
      [32.512042, 35.014329],
      [32.512038, 35.014259],
      [32.512027, 35.014188],
      [32.512017, 35.014117],
      [32.512005, 35.014048],
      [32.511997, 35.013981],
      [32.511991, 35.013914],
      [32.511979, 35.013851],
      [32.511974, 35.01379],
      [32.511975, 35.013731],
      [32.511976, 35.013673],
      [32.511972, 35.013619],
      [32.511956, 35.013576],
      [32.511924, 35.013546],
      [32.511892, 35.013525],
      [32.511859, 35.013501],
      [32.511832, 35.013466],
      [32.511819, 35.013424],
      [32.511813, 35.013378],
      [32.511808, 35.013326],
      [32.511804, 35.013272],
      [32.511818, 35.013221],
      [32.511834, 35.013175],
      [32.51184, 35.013129],
      [32.511829, 35.013079],
      [32.511817, 35.013024],
      [32.511806, 35.012969],
      [32.511786, 35.012913],
      [32.511768, 35.012854],
      [32.511766, 35.012791],
      [32.511768, 35.012728],
      [32.511761, 35.012662],
      [32.511747, 35.012595],
      [32.511731, 35.012529],
      [32.511712, 35.012466],
      [32.511688, 35.012405],
      [32.511656, 35.012342],
      [32.51163, 35.012285],
      [32.51161, 35.012232],
      [32.511603, 35.012176],
      [32.511614, 35.012123],
      [32.511634, 35.012068],
      [32.51165, 35.01201],
      [32.511666, 35.011952],
      [32.511682, 35.01189],
      [32.511701, 35.011815],
      [32.511727, 35.011738],
      [32.511751, 35.011663],
      [32.511773, 35.011591],
      [32.511795, 35.011523],
      [32.511816, 35.011461],
      [32.511844, 35.011414],
      [32.51189, 35.01139],
      [32.511936, 35.011362],
      [32.511979, 35.011319],
      [32.512013, 35.011246],
      [32.512038, 35.011176],
      [32.512066, 35.01111],
      [32.512103, 35.011049],
      [32.512136, 35.010985],
      [32.512162, 35.010919],
      [32.51217, 35.010857],
      [32.512162, 35.010807],
      [32.512148, 35.010765],
      [32.512145, 35.010724],
      [32.512151, 35.010678],
      [32.512161, 35.01062],
      [32.51216, 35.010564],
      [32.512142, 35.010505],
      [32.512117, 35.01044],
      [32.512081, 35.010382],
      [32.512047, 35.010337],
      [32.512016, 35.010297],
      [32.512005, 35.010262],
      [32.512003, 35.010225],
      [32.511988, 35.010185],
      [32.511968, 35.010141],
      [32.511953, 35.01009],
      [32.511934, 35.01004],
      [32.511911, 35.009989],
      [32.511892, 35.009928],
      [32.511871, 35.009864],
      [32.511848, 35.009798]
    ],